Peptide	HLA	predictresult	Score
EGWLHKRGK	A*01:01	0	0.0
GWLHKRGKY	A*01:01	0	0.014908017
WLHKRGKYI	A*01:01	0	1.9487289e-11
LHKRGKYIK	A*01:01	0	0.0
HKRGKYIKT	A*01:01	0	2.4669256e-31
KRGKYIKTW	A*01:01	0	0.0
RGKYIKTWR	A*01:01	0	1.4873905e-13
GKYIKTWRP	A*01:01	0	0.0
KYIKTWRPR	A*01:01	0	0.0
GATMKTFCD	A*01:01	0	0.0
ATMKTFCDT	A*01:01	0	2.0184942e-05
TMKTFCDTP	A*01:01	0	0.0
MKTFCDTPE	A*01:01	0	0.0
KTFCDTPEY	A*01:01	1	0.67830217
TFCDTPEYL	A*01:01	0	1.1711714e-08
FCDTPEYLA	A*01:01	1	0.5560401
CDTPEYLAP	A*01:01	0	0.0
DTPEYLAPE	A*01:01	0	0.0
DVDQREAPR	A*01:01	0	1.4932584e-05
VDQREAPRN	A*01:01	0	0.0
DQREAPRNN	A*01:01	0	0.0
QREAPRNNF	A*01:01	0	5.0231617e-11
REAPRNNFS	A*01:01	0	1.7666727e-18
EAPRNNFSV	A*01:01	0	2.8287563e-22
APRNNFSVA	A*01:01	0	0.0
PRNNFSVAQ	A*01:01	0	0.0
RNNFSVAQC	A*01:01	0	0.0
EDLTVKIGG	A*01:01	0	0.0
DLTVKIGGF	A*01:01	0	2.1853754e-23
LTVKIGGFG	A*01:01	0	3.7206588e-36
TVKIGGFGL	A*01:01	0	0.110031
VKIGGFGLA	A*01:01	0	0.0
KIGGFGLAT	A*01:01	0	2.7746886e-05
IGGFGLATV	A*01:01	0	0.0
GGFGLATVK	A*01:01	0	0.0
GFGLATVKS	A*01:01	0	0.0
EDLTVKIGN	A*01:01	0	0.0
DLTVKIGNF	A*01:01	0	1.3320258e-08
LTVKIGNFG	A*01:01	0	1.07346805e-33
TVKIGNFGL	A*01:01	0	0.004217618
VKIGNFGLA	A*01:01	0	0.0
KIGNFGLAT	A*01:01	0	2.5325e-07
IGNFGLATV	A*01:01	0	0.0
GNFGLATVK	A*01:01	0	0.0
NFGLATVKS	A*01:01	0	4.786008e-30
GQRIGSGSC	A*01:01	0	0.0
QRIGSGSCG	A*01:01	0	0.0
RIGSGSCGT	A*01:01	0	3.9175283e-27
IGSGSCGTV	A*01:01	0	0.0
GSGSCGTVY	A*01:01	0	0.022462256
SGSCGTVYK	A*01:01	0	1.2769164e-33
GSCGTVYKG	A*01:01	0	0.0
SCGTVYKGK	A*01:01	0	0.0
CGTVYKGKW	A*01:01	0	8.660151e-25
QITVGQRIV	A*01:01	0	9.9918416e-12
ITVGQRIVS	A*01:01	0	1.71123e-15
TVGQRIVSG	A*01:01	0	0.0
VGQRIVSGS	A*01:01	0	0.0
GQRIVSGSF	A*01:01	0	0.0
QRIVSGSFG	A*01:01	0	0.0
RIVSGSFGT	A*01:01	0	3.9592888e-11
IVSGSFGTV	A*01:01	0	0.020374596
VSGSFGTVY	A*01:01	1	0.9271182
TVGQRIGSE	A*01:01	0	0.0
VGQRIGSES	A*01:01	0	0.0
GQRIGSESF	A*01:01	0	0.0
QRIGSESFG	A*01:01	0	0.0
RIGSESFGT	A*01:01	0	7.758719e-14
IGSESFGTV	A*01:01	0	3.5635174e-05
GSESFGTVY	A*01:01	1	0.99621165
SESFGTVYK	A*01:01	0	2.1630005e-06
ESFGTVYKG	A*01:01	0	1.3218704e-10
QRIGSGSFA	A*01:01	0	1.2393035e-31
RIGSGSFAT	A*01:01	0	9.435017e-07
IGSGSFATV	A*01:01	0	2.1952961e-13
GSGSFATVY	A*01:01	0	0.33445862
SGSFATVYK	A*01:01	0	6.66961e-20
GSFATVYKG	A*01:01	0	5.5015204e-23
SFATVYKGK	A*01:01	0	5.1054523e-32
FATVYKGKW	A*01:01	0	1.1642996e-05
ATVYKGKWH	A*01:01	0	6.1620185e-09
QRIGSGSFR	A*01:01	0	7.709848e-17
RIGSGSFRT	A*01:01	0	0.0008479721
IGSGSFRTV	A*01:01	0	2.4186172e-11
GSGSFRTVY	A*01:01	0	0.3445952
SGSFRTVYK	A*01:01	0	5.1364265e-20
GSFRTVYKG	A*01:01	0	1.4219262e-23
SFRTVYKGK	A*01:01	0	0.0
FRTVYKGKW	A*01:01	0	4.376087e-10
RTVYKGKWH	A*01:01	0	8.388115e-15
LTVKIGDFD	A*01:01	0	4.2444157e-19
TVKIGDFDL	A*01:01	0	0.003564798
VKIGDFDLA	A*01:01	0	0.0
KIGDFDLAT	A*01:01	0	2.5204674e-06
IGDFDLATV	A*01:01	0	0.018015804
GDFDLATVK	A*01:01	0	1.0701111e-11
DFDLATVKS	A*01:01	0	0.0027160856
FDLATVKSR	A*01:01	0	1.0043679e-26
DLATVKSRW	A*01:01	0	0.00016323387
LTVKIGDFS	A*01:01	0	1.5174314e-06
TVKIGDFSL	A*01:01	0	0.0061108316
VKIGDFSLA	A*01:01	0	0.0
KIGDFSLAT	A*01:01	0	9.707061e-06
IGDFSLATV	A*01:01	0	9.8326986e-05
GDFSLATVK	A*01:01	0	1.5224651e-21
DFSLATVKS	A*01:01	0	2.946309e-26
FSLATVKSR	A*01:01	0	6.2418553e-07
SLATVKSRW	A*01:01	0	3.681045e-05
TAQGMDYLD	A*01:01	0	0.0
AQGMDYLDA	A*01:01	0	0.0
QGMDYLDAK	A*01:01	0	2.0878424e-06
GMDYLDAKS	A*01:01	0	0.00074630167
MDYLDAKSI	A*01:01	0	2.1005144e-06
DYLDAKSII	A*01:01	0	0.0
YLDAKSIIH	A*01:01	0	0.025449108
LDAKSIIHR	A*01:01	0	6.8735063e-28
DAKSIIHRD	A*01:01	0	1.0725242e-30
TVKIGDFGQ	A*01:01	0	1.5308439e-08
VKIGDFGQA	A*01:01	0	0.0
KIGDFGQAT	A*01:01	0	5.0973013e-06
IGDFGQATV	A*01:01	0	0.10675178
GDFGQATVK	A*01:01	0	4.463549e-24
DFGQATVKS	A*01:01	0	0.0
FGQATVKSR	A*01:01	0	1.3898883e-23
GQATVKSRW	A*01:01	0	3.1495162e-12
QATVKSRWS	A*01:01	0	9.068293e-12
TVKIGDFGV	A*01:01	0	0.0005859218
VKIGDFGVA	A*01:01	0	0.0
KIGDFGVAT	A*01:01	0	0.0008232335
IGDFGVATV	A*01:01	0	0.056057435
GDFGVATVK	A*01:01	0	5.559892e-25
DFGVATVKS	A*01:01	0	0.0
FGVATVKSR	A*01:01	0	1.3060565e-25
GVATVKSRW	A*01:01	0	8.050911e-06
VATVKSRWS	A*01:01	0	1.99544e-15
IHRDLKSNI	A*01:01	0	3.3526382e-37
HRDLKSNII	A*01:01	0	5.2640726e-13
RDLKSNIIF	A*01:01	0	5.179205e-11
DLKSNIIFL	A*01:01	0	3.8019415e-08
LKSNIIFLH	A*01:01	0	0.0
KSNIIFLHE	A*01:01	0	3.229194e-17
SNIIFLHED	A*01:01	0	0.0
NIIFLHEDL	A*01:01	0	0.0
IIFLHEDLT	A*01:01	0	2.9406777e-07
LHAKSIIHK	A*01:01	0	0.0
HAKSIIHKD	A*01:01	0	0.0
AKSIIHKDL	A*01:01	0	0.0
KSIIHKDLK	A*01:01	0	0.0
SIIHKDLKS	A*01:01	0	0.0
IIHKDLKSN	A*01:01	0	0.0
IHKDLKSNN	A*01:01	0	0.0
HKDLKSNNI	A*01:01	0	0.00010151903
KDLKSNNIF	A*01:01	0	4.3185485e-26
VGQRIGSGL	A*01:01	0	1.6031572e-27
GQRIGSGLF	A*01:01	0	0.0
QRIGSGLFG	A*01:01	0	0.0
RIGSGLFGT	A*01:01	0	2.55646e-07
IGSGLFGTV	A*01:01	0	0.00021071683
GSGLFGTVY	A*01:01	0	0.41211358
SGLFGTVYK	A*01:01	0	1.9399806e-22
GLFGTVYKG	A*01:01	0	0.0
LFGTVYKGK	A*01:01	0	0.0
IGDFGLATE	A*01:01	0	1.3374683e-05
GDFGLATEK	A*01:01	0	2.1463158e-21
DFGLATEKS	A*01:01	0	0.0
FGLATEKSR	A*01:01	0	7.799986e-32
GLATEKSRW	A*01:01	0	3.4663535e-06
LATEKSRWS	A*01:01	0	2.8485979e-12
ATEKSRWSG	A*01:01	0	1.904437e-18
TEKSRWSGS	A*01:01	0	2.8677875e-27
EKSRWSGSH	A*01:01	0	0.0
QLMDHSNMG	A*01:01	0	2.2957865e-19
LMDHSNMGC	A*01:01	0	3.6160845e-06
MDHSNMGCF	A*01:01	0	1.6320815e-31
DHSNMGCFI	A*01:01	0	0.0
HSNMGCFIC	A*01:01	0	0.0
SNMGCFICC	A*01:01	0	0.0
NMGCFICCI	A*01:01	0	0.0
MGCFICCIL	A*01:01	0	0.0
GCFICCILS	A*01:01	0	0.0
LKIYQLMDD	A*01:01	0	0.0
KIYQLMDDS	A*01:01	0	0.0
IYQLMDDSN	A*01:01	0	0.0
YQLMDDSNM	A*01:01	0	0.0
QLMDDSNMD	A*01:01	0	1.2016036e-33
LMDDSNMDC	A*01:01	0	0.0004849089
MDDSNMDCF	A*01:01	0	0.03863104
DDSNMDCFI	A*01:01	0	7.86723e-30
DSNMDCFIC	A*01:01	0	0.0
KCPSLAGKH	A*01:01	0	0.0
CPSLAGKHK	A*01:01	0	0.0
PSLAGKHKV	A*01:01	0	7.5491315e-12
SLAGKHKVF	A*01:01	0	0.007508378
LAGKHKVFF	A*01:01	0	3.084002e-08
AGKHKVFFI	A*01:01	0	2.1317581e-29
GKHKVFFIQ	A*01:01	0	5.0778985e-29
KHKVFFIQA	A*01:01	0	0.0
HKVFFIQAC	A*01:01	0	0.0
LITVTDQNG	A*01:01	0	0.0
ITVTDQNGN	A*01:01	0	0.0
TVTDQNGNK	A*01:01	0	0.0013452338
VTDQNGNKP	A*01:01	0	0.3902652
TDQNGNKPE	A*01:01	0	6.921022e-21
DQNGNKPEF	A*01:01	0	4.046025e-09
QNGNKPEFT	A*01:01	0	4.3467812e-17
NGNKPEFTQ	A*01:01	0	0.0
GNKPEFTQE	A*01:01	0	0.0
LITVTDQNN	A*01:01	0	0.0
ITVTDQNNN	A*01:01	0	0.0
TVTDQNNNK	A*01:01	0	1.9694926e-06
VTDQNNNKP	A*01:01	0	0.19645429
TDQNNNKPE	A*01:01	0	6.9876436e-26
DQNNNKPEF	A*01:01	0	3.3176194e-11
QNNNKPEFT	A*01:01	0	5.064222e-14
NNNKPEFTQ	A*01:01	0	3.4223863e-32
NNKPEFTQE	A*01:01	0	2.2892699e-09
MEVTATDAG	A*01:01	0	5.4131244e-32
EVTATDAGD	A*01:01	0	0.0
VTATDAGDD	A*01:01	0	0.0
TATDAGDDV	A*01:01	0	8.90098e-06
ATDAGDDVN	A*01:01	0	0.22646171
TDAGDDVNT	A*01:01	0	6.9681182e-15
DAGDDVNTY	A*01:01	1	0.5701595
AGDDVNTYN	A*01:01	0	0.026545849
GDDVNTYNA	A*01:01	0	0.0020529462
LKVTEPLDG	A*01:01	0	0.0
KVTEPLDGE	A*01:01	0	0.0
VTEPLDGER	A*01:01	0	0.15889584
TEPLDGERI	A*01:01	0	6.742654e-06
EPLDGERIA	A*01:01	0	0.0
PLDGERIAT	A*01:01	0	0.005566788
LDGERIATY	A*01:01	0	0.16247727
DGERIATYT	A*01:01	0	9.0499225e-07
GERIATYTL	A*01:01	0	2.3255463e-32
WGRLPVDLT	A*01:01	0	0.0
GRLPVDLTE	A*01:01	0	0.0
RLPVDLTEE	A*01:01	0	0.0
LPVDLTEEL	A*01:01	0	6.3765443e-31
PVDLTEELG	A*01:01	0	1.7865013e-08
VDLTEELGH	A*01:01	0	0.0
DLTEELGHR	A*01:01	0	2.1081315e-26
LTEELGHRD	A*01:01	0	0.02778017
TEELGHRDV	A*01:01	0	0.002112643
TLTRPVHDP	A*01:01	0	2.5862266e-21
LTRPVHDPA	A*01:01	0	0.0
TRPVHDPAR	A*01:01	0	0.000428175
RPVHDPARE	A*01:01	0	0.0
PVHDPAREG	A*01:01	0	0.0
VHDPAREGF	A*01:01	0	0.13121605
HDPAREGFL	A*01:01	0	3.1235501e-21
DPAREGFLD	A*01:01	0	0.0
PAREGFLDT	A*01:01	0	7.604583e-23
ATLTRPVHY	A*01:01	0	0.21276048
TLTRPVHYA	A*01:01	0	2.2855394e-13
LTRPVHYAA	A*01:01	0	0.0
TRPVHYAAR	A*01:01	0	4.872074e-21
RPVHYAARE	A*01:01	0	1.3904826e-30
PVHYAAREG	A*01:01	0	0.0
VHYAAREGF	A*01:01	0	1.3594643e-30
HYAAREGFL	A*01:01	0	0.0
YAAREGFLD	A*01:01	0	0.0
TAGYNRAVG	A*01:01	0	0.0
AGYNRAVGC	A*01:01	0	0.0
GYNRAVGCW	A*01:01	0	0.0
YNRAVGCWS	A*01:01	0	0.0
NRAVGCWSL	A*01:01	0	3.0186542e-18
RAVGCWSLG	A*01:01	0	0.0
AVGCWSLGV	A*01:01	0	1.3300172e-20
VGCWSLGVI	A*01:01	0	0.0
GCWSLGVIL	A*01:01	0	4.9565958e-23
YLHENGIIL	A*01:01	0	0.009243356
LHENGIILR	A*01:01	0	2.730669e-16
HENGIILRD	A*01:01	0	1.8008676e-22
ENGIILRDL	A*01:01	0	0.0
NGIILRDLK	A*01:01	0	0.0
GIILRDLKP	A*01:01	0	0.0
IILRDLKPE	A*01:01	0	0.0
ILRDLKPEN	A*01:01	0	0.0
LRDLKPENV	A*01:01	0	0.0005556208
YLHENGIIY	A*01:01	1	0.85347104
LHENGIIYR	A*01:01	0	1.2470702e-18
HENGIIYRD	A*01:01	0	3.3570655e-30
ENGIIYRDL	A*01:01	0	0.0
NGIIYRDLK	A*01:01	0	0.0
GIIYRDLKP	A*01:01	0	0.0
IIYRDLKPE	A*01:01	0	0.0
IYRDLKPEN	A*01:01	0	0.0
YRDLKPENV	A*01:01	0	0.03655985
QMLLAVQYR	A*01:01	0	8.7531823e-32
MLLAVQYRH	A*01:01	0	2.7246825e-11
LLAVQYRHE	A*01:01	0	0.0
LAVQYRHEN	A*01:01	0	0.0
AVQYRHENG	A*01:01	0	0.0
VQYRHENGI	A*01:01	0	1.1885796e-32
QYRHENGII	A*01:01	0	0.0
YRHENGIIH	A*01:01	0	0.0
RHENGIIHR	A*01:01	0	0.0
LHENGIIHH	A*01:01	0	0.0
HENGIIHHD	A*01:01	0	0.0
ENGIIHHDL	A*01:01	0	0.0
NGIIHHDLK	A*01:01	0	0.0
GIIHHDLKP	A*01:01	0	0.0
IIHHDLKPE	A*01:01	0	0.0
IHHDLKPEN	A*01:01	0	0.0
HHDLKPENV	A*01:01	0	0.10434367
HDLKPENVL	A*01:01	0	8.392173e-24
IKITDFGHF	A*01:01	0	5.6211943e-21
KITDFGHFK	A*01:01	0	0.001266851
ITDFGHFKI	A*01:01	1	0.96181124
TDFGHFKIL	A*01:01	0	5.7547113e-06
DFGHFKILG	A*01:01	0	0.0
FGHFKILGE	A*01:01	0	0.0
GHFKILGET	A*01:01	0	0.0
HFKILGETS	A*01:01	0	0.0
FKILGETSL	A*01:01	0	4.7026634e-17
HWQQQSYLV	A*01:01	0	1.2782069e-27
WQQQSYLVS	A*01:01	0	0.0
QQQSYLVSG	A*01:01	0	0.0
QQSYLVSGI	A*01:01	0	4.482168e-30
QSYLVSGIH	A*01:01	0	1.8895e-08
SYLVSGIHS	A*01:01	0	0.0
YLVSGIHSG	A*01:01	0	1.1679764e-24
LVSGIHSGA	A*01:01	0	3.9546613e-19
VSGIHSGAT	A*01:01	0	0.009773893
HWQQQSYLY	A*01:01	0	0.08121979
WQQQSYLYS	A*01:01	0	1.3573398e-30
QQQSYLYSG	A*01:01	0	0.0
QQSYLYSGI	A*01:01	0	9.52846e-24
QSYLYSGIH	A*01:01	0	8.9183435e-05
SYLYSGIHS	A*01:01	0	0.0
YLYSGIHSG	A*01:01	0	7.324586e-17
LYSGIHSGA	A*01:01	0	0.0
YSGIHSGAT	A*01:01	0	0.08855742
NIMRTYTYK	A*01:01	0	4.990776e-07
IMRTYTYKK	A*01:01	0	4.713046e-16
MRTYTYKKL	A*01:01	0	2.4100194e-15
RTYTYKKLL	A*01:01	0	0.0019195646
TYTYKKLLW	A*01:01	0	5.9052664e-15
YTYKKLLWT	A*01:01	1	0.72273254
TYKKLLWTT	A*01:01	0	1.6628935e-32
YKKLLWTTS	A*01:01	0	0.0
KKLLWTTSR	A*01:01	0	0.0
QQQSYLDSE	A*01:01	0	0.0
QQSYLDSEI	A*01:01	0	2.3683803e-21
QSYLDSEIH	A*01:01	0	6.2257866e-10
SYLDSEIHS	A*01:01	0	0.0
YLDSEIHSG	A*01:01	0	0.18823646
LDSEIHSGA	A*01:01	0	1.3746154e-27
DSEIHSGAT	A*01:01	0	0.14163083
SEIHSGATT	A*01:01	0	5.6022334e-34
EIHSGATTT	A*01:01	0	1.8043837e-27
QQQSYLDSR	A*01:01	0	3.1858896e-26
QQSYLDSRI	A*01:01	0	5.573782e-17
QSYLDSRIH	A*01:01	0	5.30255e-07
SYLDSRIHS	A*01:01	0	0.0
YLDSRIHSG	A*01:01	0	0.12942675
LDSRIHSGA	A*01:01	0	1.31286455e-33
DSRIHSGAT	A*01:01	0	1.4732959e-20
SRIHSGATT	A*01:01	0	0.0
RIHSGATTT	A*01:01	0	7.727265e-28
QQSYLDSGS	A*01:01	0	0.0
QSYLDSGSH	A*01:01	0	0.0029791116
SYLDSGSHS	A*01:01	0	0.0
YLDSGSHSG	A*01:01	1	0.90976065
LDSGSHSGA	A*01:01	0	1.0197964e-24
DSGSHSGAT	A*01:01	0	0.004906174
SGSHSGATT	A*01:01	0	4.7903824e-34
GSHSGATTT	A*01:01	0	3.5530834e-09
SHSGATTTA	A*01:01	0	0.0
IMRTYTYET	A*01:01	0	2.0190329e-07
MRTYTYETL	A*01:01	0	4.684253e-19
RTYTYETLL	A*01:01	0	0.40877894
TYTYETLLW	A*01:01	0	1.5363305e-06
YTYETLLWT	A*01:01	1	0.894897
TYETLLWTT	A*01:01	0	3.9033612e-10
YETLLWTTS	A*01:01	0	0.0
ETLLWTTSR	A*01:01	0	7.27713e-13
TLLWTTSRV	A*01:01	0	8.647084e-07
QNCLWTLRI	A*01:01	0	5.669781e-09
NCLWTLRIL	A*01:01	0	0.0
CLWTLRILS	A*01:01	0	0.0
LWTLRILSD	A*01:01	0	0.0
WTLRILSDA	A*01:01	0	0.0
TLRILSDAA	A*01:01	0	0.0
LRILSDAAT	A*01:01	0	0.0
RILSDAATK	A*01:01	0	0.0
ILSDAATKQ	A*01:01	0	0.020597452
QNCLWTLRK	A*01:01	0	2.3834805e-13
NCLWTLRKL	A*01:01	0	4.3636075e-26
CLWTLRKLS	A*01:01	0	0.0
LWTLRKLSD	A*01:01	0	0.0
WTLRKLSDA	A*01:01	0	0.0
TLRKLSDAA	A*01:01	0	0.0
LRKLSDAAT	A*01:01	0	0.0
RKLSDAATK	A*01:01	0	0.0
KLSDAATKQ	A*01:01	0	0.00012334516
QNCLWTLRY	A*01:01	1	0.5184838
NCLWTLRYL	A*01:01	0	1.149763e-32
CLWTLRYLS	A*01:01	0	0.0
LWTLRYLSD	A*01:01	0	0.0
WTLRYLSDA	A*01:01	0	3.3407424e-28
TLRYLSDAA	A*01:01	0	0.0
LRYLSDAAT	A*01:01	0	1.1424727e-28
RYLSDAATK	A*01:01	0	0.0
YLSDAATKQ	A*01:01	0	0.063651115
TCAAGILSD	A*01:01	0	0.0
CAAGILSDL	A*01:01	0	0.0
AAGILSDLT	A*01:01	0	0.0
AGILSDLTC	A*01:01	0	0.0
GILSDLTCN	A*01:01	0	0.0
ILSDLTCNN	A*01:01	0	0.0
LSDLTCNNY	A*01:01	1	0.9999994
SDLTCNNYK	A*01:01	0	0.0
DLTCNNYKN	A*01:01	0	0.0
VQNCLWTLG	A*01:01	0	0.0
QNCLWTLGN	A*01:01	0	0.0
NCLWTLGNL	A*01:01	0	1.9353674e-38
CLWTLGNLS	A*01:01	0	0.0
LWTLGNLSD	A*01:01	0	1.552007e-29
WTLGNLSDA	A*01:01	0	1.4928444e-17
TLGNLSDAA	A*01:01	0	0.0
LGNLSDAAT	A*01:01	0	0.0
GNLSDAATK	A*01:01	0	0.0
QRLVQNCLC	A*01:01	0	0.0
RLVQNCLCT	A*01:01	0	0.0
LVQNCLCTL	A*01:01	0	0.0
VQNCLCTLR	A*01:01	0	0.0
QNCLCTLRN	A*01:01	0	0.0
NCLCTLRNL	A*01:01	0	0.0
CLCTLRNLS	A*01:01	0	0.0
LCTLRNLSD	A*01:01	0	0.0
CTLRNLSDA	A*01:01	0	0.0
QRLVQNCLG	A*01:01	0	0.0
RLVQNCLGT	A*01:01	0	2.8555421e-25
LVQNCLGTL	A*01:01	0	0.0
VQNCLGTLR	A*01:01	0	0.0
QNCLGTLRN	A*01:01	0	0.0
NCLGTLRNL	A*01:01	0	7.1751637e-25
CLGTLRNLS	A*01:01	0	0.0
LGTLRNLSD	A*01:01	0	0.0
GTLRNLSDA	A*01:01	0	0.0
VNIMRTYTF	A*01:01	0	2.9140637e-32
NIMRTYTFE	A*01:01	0	2.7914438e-13
IMRTYTFEK	A*01:01	0	2.8453991e-16
MRTYTFEKL	A*01:01	0	9.429344e-10
RTYTFEKLL	A*01:01	0	0.03851972
TYTFEKLLW	A*01:01	0	5.5796476e-19
YTFEKLLWT	A*01:01	1	0.7974247
TFEKLLWTT	A*01:01	0	7.93516e-09
FEKLLWTTS	A*01:01	0	0.0
SDIEEYVHC	A*01:01	0	0.0
DIEEYVHCI	A*01:01	0	3.2136896e-22
IEEYVHCIG	A*01:01	0	0.0
EEYVHCIGR	A*01:01	0	2.5753963e-29
EYVHCIGRT	A*01:01	0	0.0
YVHCIGRTG	A*01:01	0	0.0
VHCIGRTGR	A*01:01	0	0.0
HCIGRTGRV	A*01:01	0	2.7721383e-15
CIGRTGRVG	A*01:01	0	0.0
EYVHRIGRA	A*01:01	0	0.0
YVHRIGRAG	A*01:01	0	0.0
VHRIGRAGR	A*01:01	0	0.0
HRIGRAGRV	A*01:01	0	3.5419564e-22
RIGRAGRVG	A*01:01	0	0.0
IGRAGRVGN	A*01:01	0	0.0
GRAGRVGNL	A*01:01	0	0.0
RAGRVGNLG	A*01:01	0	0.0
AGRVGNLGL	A*01:01	0	3.716686e-14
EYVHRIGRM	A*01:01	0	1.09006e-27
YVHRIGRMG	A*01:01	0	0.0
VHRIGRMGR	A*01:01	0	0.0
HRIGRMGRV	A*01:01	0	0.0
RIGRMGRVG	A*01:01	0	0.0
IGRMGRVGN	A*01:01	0	0.0
GRMGRVGNL	A*01:01	0	0.0
RMGRVGNLG	A*01:01	0	0.0
MGRVGNLGL	A*01:01	0	6.9287207e-06
YQRLEFLGN	A*01:01	0	0.0
QRLEFLGNA	A*01:01	0	0.0
RLEFLGNAI	A*01:01	0	3.1039804e-06
LEFLGNAIL	A*01:01	0	0.0010041273
EFLGNAILD	A*01:01	0	0.0
FLGNAILDY	A*01:01	0	0.1926831
LGNAILDYL	A*01:01	0	3.496649e-21
GNAILDYLI	A*01:01	0	0.0
NAILDYLIT	A*01:01	0	2.7168454e-08
IEVPKAMGV	A*01:01	0	2.736703e-07
EVPKAMGVI	A*01:01	0	0.0
VPKAMGVIF	A*01:01	0	8.8856294e-33
PKAMGVIFE	A*01:01	0	0.0
KAMGVIFES	A*01:01	0	1.8438341e-22
AMGVIFESL	A*01:01	0	2.623772e-07
MGVIFESLA	A*01:01	0	2.1121666e-24
GVIFESLAG	A*01:01	0	0.0
VIFESLAGA	A*01:01	0	0.0
IEVPKAMGY	A*01:01	1	0.9368139
EVPKAMGYI	A*01:01	0	0.0
VPKAMGYIF	A*01:01	0	2.4146673e-37
PKAMGYIFE	A*01:01	0	0.0
KAMGYIFES	A*01:01	0	1.6666937e-14
